Date,Open,High,Low,Close,Volume,Adj Close
2011-12-30,28.27,28.31,28.15,28.18,58700,28.03
2011-12-29,28.01,28.27,28.01,28.21,111800,28.06
2011-12-28,28.49,28.49,27.96,27.99,62800,27.84
2011-12-27,28.28,28.41,28.10,28.36,52000,28.21
2011-12-23,28.16,28.28,28.00,28.28,58200,28.13
2011-12-22,28.11,28.12,27.91,27.98,34100,27.83
2011-12-21,27.81,28.15,27.79,28.15,94600,28.00
2011-12-20,27.56,27.93,27.49,27.92,75900,27.77
2011-12-19,27.39,27.58,27.04,27.11,27700,26.96
2011-12-16,27.45,27.45,27.11,27.20,134700,27.05
2011-12-15,26.92,27.24,26.92,27.12,44700,26.91
2011-12-14,26.75,26.94,26.69,26.71,41900,26.50
2011-12-13,27.61,27.61,26.89,26.93,36400,26.72
2011-12-12,27.22,27.22,26.90,27.10,61100,26.89
2011-12-09,27.09,27.41,26.86,27.28,46200,27.07
2011-12-08,27.41,27.43,26.81,26.86,153500,26.65
2011-12-07,27.30,27.52,27.10,27.46,34400,27.25
2011-12-06,27.33,27.45,27.22,27.33,32300,27.12
2011-12-05,27.41,27.49,27.11,27.27,62000,27.06
2011-12-02,27.46,27.47,27.12,27.14,63800,26.93
2011-12-01,27.13,27.41,27.13,27.25,144800,27.04
2011-11-30,26.99,27.23,26.90,27.22,73500,27.01
2011-11-29,26.25,26.44,26.16,26.33,130200,26.13
2011-11-28,25.97,26.21,25.83,26.18,68200,25.98
2011-11-25,25.35,25.50,25.28,25.28,8100,25.08
2011-11-23,25.69,25.75,25.46,25.46,147700,25.26
2011-11-22,25.63,25.99,25.57,25.86,50400,25.66
2011-11-21,25.70,25.73,25.45,25.64,52100,25.44
2011-11-18,26.14,26.28,26.03,26.03,67900,25.83
2011-11-17,26.34,26.49,25.96,26.12,58200,25.92
2011-11-16,26.54,26.76,26.30,26.30,46500,26.10
2011-11-15,26.66,26.90,26.47,26.79,64400,26.58
2011-11-14,26.87,26.87,26.61,26.75,30200,26.54
2011-11-11,26.68,27.00,26.68,26.92,14000,26.71
2011-11-10,26.48,26.48,26.10,26.37,18600,26.17
2011-11-09,26.37,26.59,26.03,26.10,65200,25.90
2011-11-08,26.80,26.92,26.51,26.92,36900,26.71
2011-11-07,26.40,26.63,26.14,26.62,75100,26.41
2011-11-04,26.59,26.59,26.18,26.37,141500,26.17
2011-11-03,26.65,26.82,26.32,26.75,145200,26.54
2011-11-02,26.57,26.57,26.14,26.40,43700,26.20
2011-11-01,25.93,26.56,25.92,26.21,59600,26.01
2011-10-31,26.86,26.96,26.59,26.60,113300,26.39
2011-10-28,27.05,27.16,26.96,27.07,56700,26.86
2011-10-27,27.00,27.09,26.62,26.99,207600,26.78
2011-10-26,26.13,26.50,25.91,26.40,135800,26.20
2011-10-25,26.36,26.36,25.70,25.77,349400,25.57
2011-10-24,26.15,26.44,26.11,26.38,195700,26.18
2011-10-21,25.72,26.01,25.72,26.00,214300,25.80
2011-10-20,25.55,25.57,25.12,25.46,164500,25.26
2011-10-19,25.78,25.92,25.39,25.45,49800,25.25
2011-10-18,25.54,25.91,25.20,25.81,193900,25.61
2011-10-17,26.07,26.08,25.56,25.65,43900,25.45
2011-10-14,26.21,26.21,26.00,26.13,36200,25.93
2011-10-13,25.80,26.12,25.76,26.10,55900,25.90
2011-10-12,26.09,26.18,25.91,25.91,276900,25.71
2011-10-11,25.69,25.96,25.63,25.87,48300,25.67
2011-10-10,25.48,25.79,25.48,25.78,37300,25.58
2011-10-07,25.29,25.30,25.02,25.02,26800,24.83
2011-10-06,24.76,25.22,24.73,25.22,34000,25.03
2011-10-05,24.39,24.77,24.23,24.73,93200,24.54
2011-10-04,23.49,24.28,23.43,24.25,1100000,24.06
2011-10-03,24.72,24.72,23.80,23.80,54100,23.62
2011-09-30,24.79,25.03,24.57,24.57,27400,24.38
2011-09-29,25.10,25.13,24.44,24.80,42800,24.61
2011-09-28,25.28,25.45,24.70,24.73,53800,24.54
2011-09-27,25.22,25.55,25.04,25.24,86900,25.05
2011-09-26,24.63,24.81,24.30,24.76,41800,24.57
2011-09-23,24.34,24.65,24.32,24.55,45100,24.36
2011-09-22,24.36,24.59,24.12,24.45,46500,24.26
2011-09-21,25.67,25.79,25.02,25.02,105700,24.83
2011-09-20,25.66,25.98,25.51,25.70,116200,25.50
2011-09-19,25.35,25.63,25.23,25.53,55700,25.33
2011-09-16,25.36,25.75,25.36,25.71,71600,25.51
2011-09-15,25.43,25.52,25.17,25.51,105000,25.26
2011-09-14,24.96,25.49,24.76,25.21,109200,24.96
2011-09-13,24.68,24.95,24.62,24.87,29000,24.62
2011-09-12,24.45,24.62,24.18,24.62,62300,24.38
2011-09-09,25.19,25.19,24.53,24.74,119500,24.50
2011-09-08,25.44,25.74,25.33,25.43,26000,25.18
2011-09-07,25.35,25.67,25.27,25.61,59100,25.36
2011-09-06,24.22,25.01,24.11,25.00,72100,24.75
2011-09-02,25.10,25.38,24.90,24.95,46900,24.70
2011-09-01,25.77,26.00,25.43,25.50,77700,25.25
2011-08-31,25.91,26.05,25.60,25.78,126800,25.53
2011-08-30,25.32,25.86,25.32,25.74,110900,25.49
2011-08-29,25.06,25.52,25.02,25.51,68300,25.26
2011-08-26,24.29,24.87,23.98,24.82,30000,24.58
2011-08-25,24.96,24.97,24.37,24.48,85500,24.24
2011-08-24,24.64,24.97,24.55,24.97,41900,24.72
2011-08-23,23.84,24.60,23.71,24.60,91000,24.36
2011-08-22,24.19,24.19,23.68,23.74,39900,23.51
2011-08-19,23.56,24.11,23.45,23.74,64100,23.51
2011-08-18,24.20,24.26,23.67,23.83,96600,23.60
2011-08-17,25.00,25.10,24.58,24.76,83700,24.52
2011-08-16,24.82,25.05,24.58,24.88,138300,24.63
2011-08-15,24.94,25.06,24.58,25.05,146500,24.80
2011-08-12,24.45,24.73,24.22,24.49,97000,24.25
2011-08-11,23.42,24.54,23.38,24.24,1181600,24.00
2011-08-10,23.90,24.01,23.24,23.27,274500,23.04
2011-08-09,23.13,24.15,22.67,24.14,1195000,23.90
2011-08-08,23.62,24.19,23.12,23.13,229000,22.90
2011-08-05,24.37,24.69,23.75,24.43,340200,24.19
2011-08-04,25.49,25.49,24.33,24.36,328600,24.12
2011-08-03,25.59,25.76,25.00,25.76,236500,25.51
2011-08-02,26.29,26.30,25.57,25.61,126300,25.36
2011-08-01,26.85,26.87,26.06,26.31,144300,26.05
2011-07-29,26.30,26.67,26.07,26.49,78200,26.23
2011-07-28,26.48,26.83,26.43,26.51,122900,26.25
2011-07-27,26.82,26.86,26.47,26.47,87000,26.21
2011-07-26,27.02,27.02,26.80,26.84,77200,26.58
2011-07-25,27.15,27.30,27.03,27.04,99300,26.77
2011-07-22,27.44,27.48,27.26,27.42,56400,27.15
2011-07-21,27.28,27.47,27.20,27.39,56100,27.12
2011-07-20,27.27,27.27,27.02,27.10,209600,26.83
2011-07-19,27.03,27.23,26.98,27.19,63800,26.92
2011-07-18,27.07,27.11,26.72,26.88,69900,26.62
2011-07-15,27.35,27.35,27.02,27.18,104500,26.91
2011-07-14,27.35,27.51,27.22,27.31,232800,27.04
2011-07-13,27.24,27.52,27.20,27.31,97000,27.04
2011-07-12,26.99,27.31,26.89,27.08,180500,26.81
2011-07-11,27.20,27.25,26.95,27.00,67100,26.73
2011-07-08,27.12,27.45,27.12,27.45,87800,27.18
2011-07-07,27.63,27.63,27.34,27.40,362500,27.13
2011-07-06,27.28,27.41,27.26,27.37,185700,27.10
2011-07-05,27.27,27.30,27.09,27.27,136600,27.00
2011-07-01,26.86,27.24,26.84,27.24,3545800,26.97
2011-06-30,26.74,26.88,26.74,26.81,40700,26.55
2011-06-29,26.64,26.73,26.53,26.66,95900,26.40
2011-06-28,26.30,26.55,26.20,26.54,103600,26.28
2011-06-27,26.05,26.26,25.94,26.22,21700,25.96
2011-06-24,26.13,26.13,25.94,26.08,16300,25.82
2011-06-23,26.00,26.20,25.76,26.20,59600,25.94
2011-06-22,26.19,26.29,26.13,26.14,51200,25.88
2011-06-21,26.19,26.29,26.10,26.26,53200,26.00
2011-06-20,25.77,26.06,25.75,26.03,45300,25.77
2011-06-17,26.04,26.07,25.73,25.73,16900,25.48
2011-06-16,25.93,25.95,25.71,25.93,32100,25.61
2011-06-15,25.94,26.19,25.90,25.95,160100,25.63
2011-06-14,26.12,26.23,26.02,26.17,45900,25.85
2011-06-13,25.75,26.02,25.75,25.94,34600,25.62
2011-06-10,26.03,26.03,25.68,25.71,94200,25.40
2011-06-09,26.00,26.28,26.00,26.14,563900,25.82
2011-06-08,26.27,26.27,25.87,25.98,53300,25.66
2011-06-07,26.20,26.41,26.13,26.25,53900,25.93
2011-06-06,26.30,26.30,26.03,26.03,65600,25.71
2011-06-03,26.36,26.51,26.29,26.29,248300,25.97
2011-06-02,26.74,26.75,26.53,26.67,56400,26.34
2011-06-01,27.06,27.09,26.80,26.80,44700,26.47
2011-05-31,26.97,27.10,26.81,27.10,43100,26.77
2011-05-27,26.71,26.75,26.65,26.75,26400,26.42
2011-05-26,26.48,26.65,26.37,26.63,34000,26.31
2011-05-25,26.34,26.49,26.28,26.48,21500,26.16
2011-05-24,26.41,26.52,26.34,26.43,27600,26.11
2011-05-23,26.39,26.44,26.29,26.40,34400,26.08
2011-05-20,26.76,26.81,26.59,26.70,13000,26.37
2011-05-19,26.92,26.92,26.59,26.77,228000,26.44
2011-05-18,26.62,26.82,26.57,26.78,58400,26.45
2011-05-17,26.58,26.62,26.36,26.56,71300,26.24
2011-05-16,26.74,26.83,26.60,26.62,37100,26.30
2011-05-13,27.00,27.00,26.64,26.77,17800,26.44
2011-05-12,26.32,26.96,26.32,26.91,21000,26.58
2011-05-11,26.64,26.69,26.40,26.52,24700,26.20
2011-05-10,26.61,26.70,26.51,26.69,42400,26.36
2011-05-09,26.34,26.56,26.30,26.49,34000,26.17
2011-05-06,26.29,26.44,26.24,26.30,14700,25.98
2011-05-05,26.01,26.30,25.92,26.03,29000,25.71
2011-05-04,26.40,26.40,26.07,26.17,34000,25.85
2011-05-03,26.41,26.41,26.20,26.34,29000,26.02
2011-05-02,26.31,26.57,26.31,26.38,34000,26.06
2011-04-29,26.29,26.29,26.15,26.18,16000,25.86
2011-04-28,26.23,26.26,26.16,26.26,29200,25.94
2011-04-27,26.12,26.29,25.78,26.26,49200,25.94
2011-04-26,25.78,26.02,25.76,25.95,64600,25.63
2011-04-25,25.68,25.68,25.52,25.68,40400,25.37
2011-04-21,25.76,25.76,25.62,25.67,33000,25.36
2011-04-20,25.68,25.68,25.55,25.61,36900,25.30
2011-04-19,25.37,25.37,25.20,25.36,43000,25.05
2011-04-18,25.48,25.48,25.06,25.27,73600,24.96
2011-04-15,25.30,25.57,25.30,25.57,11500,25.26
2011-04-14,25.12,25.31,25.08,25.29,17600,24.98
2011-04-13,25.20,25.38,25.06,25.19,20800,24.88
2011-04-12,25.11,25.17,25.09,25.10,12500,24.79
2011-04-11,25.11,25.29,25.11,25.16,19800,24.85
2011-04-08,25.15,25.15,24.97,25.06,17200,24.75
2011-04-07,25.00,25.04,24.90,24.99,13300,24.69
2011-04-06,25.01,25.09,24.95,24.99,23200,24.69
2011-04-05,24.68,24.97,24.68,24.92,28300,24.62
2011-04-04,24.55,24.70,24.55,24.66,16500,24.36
2011-04-01,24.47,24.52,24.37,24.47,7600,24.17
2011-03-31,24.34,24.44,24.34,24.35,16900,24.05
2011-03-30,24.13,24.51,24.13,24.39,19900,24.09
2011-03-29,23.56,23.85,23.56,23.83,10800,23.54
2011-03-28,23.70,23.70,23.57,23.59,14500,23.30
2011-03-25,23.67,23.80,23.56,23.65,19800,23.36
2011-03-24,23.31,23.61,23.30,23.56,10800,23.27
2011-03-23,23.15,23.34,23.11,23.31,19300,23.03
2011-03-22,23.36,23.39,23.27,23.27,18200,22.99
2011-03-21,23.41,23.46,23.27,23.29,6600,23.01
2011-03-18,23.26,23.26,23.07,23.17,25900,22.89
2011-03-17,23.09,23.10,22.90,22.95,8200,22.67
2011-03-16,23.22,23.22,22.65,22.74,16500,22.46
2011-03-15,22.85,23.24,22.80,23.17,27800,22.89
2011-03-14,23.29,23.42,23.24,23.33,15300,23.05
2011-03-11,23.17,23.47,23.17,23.39,44200,23.10
2011-03-10,23.41,23.42,23.25,23.31,23600,23.03
2011-03-09,23.53,23.69,23.50,23.63,52200,23.34
2011-03-08,23.35,23.63,23.30,23.63,85100,23.34
2011-03-07,23.53,23.53,23.13,23.29,17400,23.01
2011-03-04,23.57,23.60,23.42,23.55,235200,23.26
2011-03-03,23.38,23.63,23.38,23.59,16700,23.30
2011-03-02,22.99,23.21,22.99,23.18,9300,22.90
2011-03-01,23.37,23.37,22.99,22.99,34300,22.71
2011-02-28,23.10,23.34,23.10,23.26,72300,22.98
2011-02-25,22.63,22.96,22.63,22.95,24600,22.67
2011-02-24,22.87,22.87,22.55,22.67,63600,22.39
2011-02-23,23.18,23.18,22.92,22.92,27700,22.64
2011-02-22,23.31,23.45,23.17,23.22,26400,22.94
2011-02-18,23.64,23.65,23.53,23.59,211900,23.30
2011-02-17,23.48,23.64,23.48,23.58,186900,23.29
2011-02-16,23.50,23.65,23.50,23.56,10200,23.27
2011-02-15,23.30,23.45,23.25,23.44,36600,23.15
2011-02-14,23.16,23.36,23.16,23.35,19000,23.07
2011-02-11,23.16,23.24,23.00,23.22,13700,22.94
2011-02-10,23.11,23.28,23.11,23.22,37700,22.94
2011-02-09,23.24,23.31,23.13,23.24,40400,22.96
2011-02-08,23.16,23.28,23.15,23.26,188300,22.98
2011-02-07,23.31,23.35,23.20,23.24,75600,22.96
2011-02-04,23.22,23.29,23.12,23.29,13400,23.01
2011-02-03,23.15,23.22,22.91,23.21,40900,22.93
2011-02-02,23.18,23.23,23.14,23.18,36300,22.90
2011-02-01,23.10,23.38,23.10,23.29,20200,23.01
2011-01-31,23.06,23.15,22.97,23.09,13400,22.81
2011-01-28,23.51,23.51,22.97,22.99,45000,22.71
2011-01-27,23.60,23.61,23.49,23.53,30100,23.24
2011-01-26,23.45,23.66,23.45,23.58,34200,23.29
2011-01-25,23.32,23.44,23.30,23.44,17600,23.15
2011-01-24,23.26,23.48,23.24,23.43,27900,23.14
2011-01-21,23.60,23.60,23.26,23.30,18900,23.02
2011-01-20,23.55,23.62,23.42,23.52,10000,23.23
2011-01-19,23.85,23.86,23.44,23.50,34600,23.21
2011-01-18,23.84,23.85,23.70,23.85,60200,23.56
2011-01-14,23.69,23.71,23.58,23.69,16400,23.40
2011-01-13,23.69,23.69,23.58,23.63,23900,23.34
2011-01-12,23.58,23.70,23.55,23.68,33100,23.39
2011-01-11,23.59,23.60,23.48,23.49,44600,23.20
2011-01-10,23.50,23.54,23.36,23.53,57200,23.24
2011-01-07,23.67,23.67,23.36,23.53,59000,23.24
2011-01-06,23.64,23.64,23.44,23.53,38000,23.24
2011-01-05,23.30,23.45,23.20,23.40,36500,23.11
2011-01-04,23.41,23.41,23.16,23.30,26200,23.02
2011-01-03,23.65,23.65,23.38,23.39,40900,23.10
